insert into users (email, password, role, firstname, lastname, phone, address)
values ('anna@gmail.com', '$2a$10$s4YT0bvR1U6T0rrqvxC0mObFcYIg22meRnVWfz5W.7U6G6qMIgNCe', 'ROLE_CUSTOMER', 'Anna',
        'Kucheruk', '0671234567', 'Kyiv, Kievs`ka str, 1'),
       ('maria@gmail.com', '$2a$10$YVW9WMDKq0SrkfC/vOiPRuK28ELGbg2.TgQEaOzTJuIRGUxqSn/0u', 'ROLE_CUSTOMER', 'Maria',
        'Kirichenko', '0665484586', 'Kyiv, Kievs`ka str, 2'),
       ('milina@gmail.com', '$2a$10$EytIfyqjdmzRFzCGabuvn.qZ1AAe1qdTHdQfHQrCzfj9u7DzDYTPi', 'ROLE_CUSTOMER', 'Milina',
        'Samokhatnia', '0663151286', 'Kyiv, Kievs`ka str, 3'),
       ('manager@gmail.com', '$2a$10$DkSEDVJC76mY1nRIPkkGs.G.iN0hwLjuqiD7WbzzUnlunFS0IDHUa', 'ROLE_MANAGER', 'Ivan',
        'Ivanenko', '0956325896', 'Kyiv, Kievs`ka str, 4'),
       ('admin@gmail.com', '$2a$10$twxnUMwh1p2M.9jOBd0PL.EUBpGZDnNUpaf.QLdd.d3yZ2O8VBMHC', 'ROLE_ADMIN', 'Katerina',
        'Petrenko', '0675241453', 'Kyiv, Kievs`ka str, 5');

insert into publishers (name_ua, name_en, about_ua, about_en, website)
values ('Клуб Сімейного Дозвілля',
        'Klub Simeynogo Dovzhlia',
        'Популярне харківське видавництво, з яким особисто знайома чи не половина читачів нашої країни. Станом на 2016 рік компанія випустила 150 мільйонів примірників друкованої продукції. У каталозі книг «Книжкового клубу» представлені твори українською, російською та іншими мовами. Щорічно компанія презентує майже 700 ексклюзивних новинок, у переліку яких можна знайти літературу абсолютно всіх жанрів, стилів і напрямів. Купити книги «Клубу сімейного дозвілля» варто, якщо ви любите сучасну та класичну художню літературу — саме цих творів найбільше в каталозі видавця.',
        'A popular Kharkiv publishing house, which is personally known to almost half of the readers in our country. As of 2016, the company has released 150 million copies of printed products. The \"Book Club\" catalog features works in Ukrainian, russian, and other languages. Annually, the company presents almost 700 exclusive novelties, among which you can find literature of absolutely all genres, styles, and directions. It`s worth buying books from the "Family Leisure Club" if you love contemporary and classic fiction - these are the works that are most represented in the publisher`s catalog.',
        'https://bookclub.ua/'),
       ('Фоліо',
        'Folio',
        '«Видавництво Фоліо» — одне з найбільших видавництв в Україні. Існує на книжковому ринку більш як 30 років, є лідером з видання української та перекладної, класичної та сучасної якісної художньої літератури українською та російською мовами.' ||
        'Розробили та підготували до друку понад 100 книжкових серій різних жанрів та тематик. Це твори авторів України, США, Німеччини, Англії, Китаю, Португалії, Франції, Іспанії, Італії, Хорватії, Норвегії, Швейцарії, Бельгії, Польщі, Туреччини, Словенії, Фінляндії, Японії та інших країн.',
        'The \"Folio\" publishing house is one of the largest publishers in Ukraine. It has been operating on the book market for more than 30 years, is a leader in publishing Ukrainian and translated, classic and modern quality fiction in Ukrainian and russian.' ||
        'They have developed and prepared for printing more than 100 book series of different genres and topics. These are works by authors from Ukraine, the USA, Germany, England, China, Portugal, France, Spain, Italy, Croatia, Norway, Switzerland, Belgium, Poland, Turkey, Slovenia, Finland, Japan and other countries.',
        'https://folio.com.ua/'),
       ('Book chef',
        'Book chef',
        'BookChef — видавництво світових бестелерів Ювала Ноя Харарі, Мішель Обами, Камерон Діаз, Біла Клінтона, Іцхака Адізеса, Лю Цисіня та інших відомих письменників.' ||
        'Ми мріємо, щоб важливих книжок у вашому житті ставало більше, тому уважно обираємо не лише книжки, а й людей, які над ними працюють.' ||
        'Фантастику в нас перекладають фани жанру, а книжки для підприємців редагуюють фахівці з бізнесу. Адже лише коли людина живе темою, ви отримуєте глибокий, емоційний і якісний текст.' ||
        'Ми робимо все це, щоб сфокусувати вашу увагу на головному — на відповідях, заради яких ви читаєте наші книги.' ||
        'BookChef — книжки, що формують особистість.',
        'BookChef is a publishing house of world bestsel lers Yuvale Noa Harari, Michelle Obama, Cameron Diaz, Bill Clinton, Itzhak Adizes, Liu Cixin and other famous writers.' ||
        'We dream that there will be more important books in your life, so we carefully choose not only books, but also the people who work on them.' ||
        'Fantasy is translated by genre fans, and books for entrepreneurs are edited by business experts. Because only when a person lives the topic, you get a deep, emotional and quality text.' ||
        'We do all this so that you can focus on the main thing - on the answers for which you read our books.' ||
        'BookChef - books that form your personality.',
        'hhttps://bookchef.ua/'),
       ('Віхола',
        'Vikhola',
        'Віхола — київське видавництво, яке спеціалізується на книжках українських авторів. Ми стартували як видавництво нон-фікшн літератури і з часом розширили діапазон до художніх творів.  Ми не обмежуємося темами й прагнемо видавати якісний та цікавий для українців продукт — від психології, підприємництва, лайфстайлу та науково-популярної літератури до найрізноманітніших жанрів художньої літератури: детективів, трилерів, любовних романів, лірики чи воєнної прози. ' ||
        'Сучасне суспільство існує під тиском високих стандартів, вимог і постійних досягнень.',
        'Vikhola is a Ukrainian publishing house founded in 2020, specializing in texts by Ukrainian authors. We started out as a nonfiction publisher, but later expanded our range to include works of fiction as well. We are not limited in themes and aspire to publish quality and exciting books; from psychology, travel writing, linguistics, lifestyle, and popular science to various genres of fiction, including mystery & crime, thrillers, romance, poetry, and war prose. We intend to promote our authors abroad, so we cordially invite you to take a look at our rights guide.' ||
        'Contemporary society exerts constant pressure to live up to the high standards, to challenge yourself, and to always achieve ever new goals.',
        'https://www.vikhola.com/'),
       ('Penguin Random House',
        'Penguin Random House',
        'Penguin Random House — світовий лідер у випуску та розповсюдженні книг. Від 1 липня 2013 року Penguin Random House є результатом об’єднання Penguin Group (USA) та Random House, що створило третє за розмірами видавництво у світі.',
        'Penguin Random House is the world’s most global trade book publisher. It was formed on July 1, 2013, upon the completion of an agreement between Bertelsmann and Pearson to merge their respective trade publishing companies, Random House and Penguin Group (USA), forming the third largest consumer book publisher in the world.',
        'https://www.penguinrandomhouse.com/');
;

insert into categories (name_ua, name_en)
values ('Художня література', 'Fiction'),
       ('Нехудожня література', 'Nonfiction'),
       ('Дитяча література', 'Children');

insert into categories (name_ua, name_en, parent_category_id)
values ('Детективи', 'Detectives', 1),
       ('Класика', 'Classics', 1),
       ('Любовні романи', 'Romance', 1),
       ('Пригоди', 'Adventures', 1),
       ('Фантастика', 'Fantasy', 1),
       ('Фентезі', 'Fantasy', 1),
       ('Жахи', 'Horrors', 1),
       ('Трилери', 'Thrillers', 1),
       ('Поезія', 'Poetry', 1),
       ('Драматургія', 'Dramaturgy', 1),
       ('Історичні романи', 'Historical novels', 1),
       ('Психологія', 'Psychology', 2),
       ('Історія', 'History', 2),
       ('Бізнес-література', 'Business', 2),
       ('Саморозвиток', 'Self-development', 2),
       ('Наука', 'Science', 2),
       ('Біографія', 'Biography', 2),
       ('Музика', 'Music', 2),
       ('Спорт', 'Sport', 2),
       ('Дитяча нехудожна література', 'Children nonfiction', 3),
       ('Дитяча художня література', 'Children fiction', 3);

insert into series (name, publisher_id)
values ('Легендарний Пуаро', 1),
       ('Класика', 3),
       ('Класика англійського детективу', 1),
       ('Класна література', 1);

insert into authors (name_ua, name_en, full_name_original, birth_date, death_date, about_ua, about_en, image)
values ('Агата Крісті',
        'Agatha Christie',
        'Agatha Mary Clarissa Miller',
        '1890-09-15', '1976-01-12',
        'Мабуть, немає в світі людини, якій ні разу в житті не довелося купити книги Агати Крісті. Мінімум один екземпляр творіння цієї популярної англійської письменниці, класика детективного жанру, є в кожній домашній бібліотеці. І це не дивно, оскільки вона належить до числа найбільш публікованих авторів всіх часів і народів, займаючи в цьому списку почесне третє місце. Детективи Агати Крісті видані багатомільярдними тиражами і перекладені на сотню мов. Її перу належить найбільш затребувана в світі п`єса - «Мишоловка», щодня йде в театрах Лондона з 1952 року.',
        'Perhaps there is no person in the world who has not bought at least one book by Agatha Christie. At least one copy of the work of this popular English writer, a classic of the detective genre, is in every home library. And this is not surprising, since she belongs to the number of the most published authors of all times and peoples, occupying the third place of honor in this list. Agatha Christie`s detective stories are published in billion copies and translated into a hundred languages. Her pen belongs to the most popular play in the world - "The Mousetrap", which is performed daily in London theaters since 1952.',
        'https://upload.wikimedia.org/wikipedia/commons/thumb/0/0b/Agatha_Christie_1930.jpg/220px-Agatha_Christie_1930.jpg'),
       ('Еріх Марія Ремарк',
        'Erich Maria Remarque',
        'Erich Paul Remark',
        '1898-06-22', '1970-09-25',
        'Еріх Марія Ремарк - багатогранний письменник, який у своїх творах переносив читачів у світ військового життя, даруючи їм змогу прочитати історію через призму людських відносин та емоцій. Його найбільш відомі романи, такі як "На заході без змін", "Три товариші" та "Людина на всі часи", стали маніфестами трагічної долі поколінь, позбавлених від свободи та гідності від війни. Ремарк у своїх творах знаходив слова, що описували жахливість та безглуздя війни, та втілював їх в своїх літературних персонажах, забезпечуючи зображення знущань, депресії та втрати, що були присутніми в житті всіх військовослужбовців. Світ літератури втратив Ремарка в 1970 році, але його твори залишаються одними з найбільш значущих пам''яток німецької літератури XX століття.',
        'Erich Maria Remarque - a versatile writer who transferred readers to the world of military life, giving them the opportunity to read history through the prism of human relations and emotions. His most famous novels, such as "All Quiet on the Western Front", "Three Comrades" and "All Quiet on the Western Front", became manifestos of the tragic fate of generations deprived of freedom and dignity from war. Remarque found words in his works that described the horror and senselessness of war, and embodied them in his literary characters, ensuring the depiction of contempt, depression and loss that were present in the lives of all servicemen. The world of literature lost Remarque in 1970, but his works remain one of the most significant memorials of German literature of the 20th century.',
        'https://upload.wikimedia.org/wikipedia/commons/thumb/7/72/Erich_Maria_Remarque_%281898-1970%29.jpg/220px-Erich_Maria_Remarque_%281898-1970%29.jpg'),
       ('Деніел Кіз',
        'Daniel Keyes',
        'Daniel Keyes',
        '1927-09-09', '2014-05-02',
        'Деніел Кіз – автор, романи якого хочеться купити. Він автор 10 книжок. Популярність здобув завдяки дебютному твору «Квіти для Елджернона», що спочатку вийшов як оповідання під назвою «Мозковий штурм». Згодом він розширив його до роману. Успіх дебютної праці був настільки великим, що Деніел Кіз став єдиним автором, який зумів отримати дві найпрестижніші в англомовній науковій фантастиці нагороди (Премія Г`юго та Премія Неб`юла) за два твори з однією назвою. До речі, «Квіти для Елджернона» були також включені до шкільної програми в США. Пошта письменника була переповнена листами читачів,  тож аби відповісти на всі питання у 2000 році він пише автобіографічний роман «Елджернон, Чарлі і Я: подорож письменника».',
        'Daniel Keyes is an author whose books you want to buy. He is the author of 10 books. He became popular thanks to his debut work "Flowers for Algernon", which was first published as a short story called "Brainstorm". Later he expanded it into a novel. The success of the debut work was so great that Daniel Keyes became the only author who managed to receive two of the most prestigious awards in English-language science fiction (the Hugo Award and the Nebula Award) for two works with the same name. By the way, "Flowers for Algernon" were also included in the school program in the USA. The author''s mail was full of letters from readers, so in 2000 he wrote an autobiographical novel "Eldgeron, Charlie and I: The Writer`s Journey".',
        'https://upload.wikimedia.org/wikipedia/commons/thumb/4/4e/Daniel_Keyes.jpg/220px-Daniel_Keyes.jpg'),
       ('Стивен Кінг',
        'Stephen King',
        'Stephen Edwin King',
        '1947-09-21', null,
        'Стівен Кінг - справжній магістр жахів. Його творчість - це неймовірний мікс суспільно-психологічних та метафізичних елементів, що виривають читача зі звичайної реальності і переносять у світ моторошних візій. Народжений у 1947 році в мальовничому Портленді, штат Мен, Стівен Кінг став найбільш успішним письменником жанру жахів, продавши більше 350 мільйонів книг по всьому світу. Його твори стали невід''ємною частиною поп-культури, а сам Кінг - легендою сучасної літератури.',
        'Stephen King is a true master of horror. His creativity is an incredible mix of socio-psychological and metaphysical elements that pull the reader out of the usual reality and transfer to the world of monstrous visions. Born in 1947 in the picturesque Portland, Maine, Stephen King became the most successful writer of the horror genre, selling more than 350 million books around the world. His works have become an integral part of pop culture, and King himself is a legend of modern literature.',
        'https://upload.wikimedia.org/wikipedia/commons/thumb/4/4a/Stephen_King%2C_Comicon.jpg/220px-Stephen_King%2C_Comicon.jpg'),
       ('Джордж Оруелл',
        'George Orwell',
        'Eric Arthur Blair',
        '1903-06-25', '1950-01-21',
        'Джордж Орвелл - англійський письменник, який став одним з найвідоміших авторів XX століття завдяки своїм суспільно-політичним творам. У своїх романах, таких як "1984" та "Звернення до Каталонії", Орвелл відтворював світ диктатури та тоталітарних режимів, описуючи жорстокість та руйнування, які супроводжували ці системи. Він також був відомий своєю вірою в соціальну справедливість та принципи демократії, які він втілював у своїх творах. Його критичний погляд на світ та розуміння людських слабкостей роблять його твори надзвичайно актуальними й до сьогодні. Літературна спадщина Орвелла слугує свідченням його глибокої пізнання людської природи та критичного мислення, що надихає мільйони читачів по всьому світу.',
        'George Orwell is an English writer who became one of the most famous authors of the 20th century thanks to his socio-political works. In his novels, such as "1984" and "Appeal to Catalonia", Orwell recreated the world of dictatorship and totalitarian regimes, describing the cruelty and destruction that accompanied these systems. He was also known for his belief in social justice and the principles of democracy, which he embodied in his works. His critical view of the world and understanding of human weaknesses make his works extremely relevant even today. Orwell''s literary heritage is a testimony to his deep understanding of human nature and critical thinking that inspires millions of readers around the world.',
        'https://upload.wikimedia.org/wikipedia/commons/thumb/7/7e/George_Orwell_by_F_Schmoll_1947.jpg/220px-George_Orwell_by_F_Schmoll_1947.jpg');


insert into books (isbn, title, title_original, description, image, price, price_with_discount, year, type, language,
                   cover, pages, format, quantity, translator, author_id, category_id, publisher_id,
                   series_id)
values ('9786171281356',
        'Убивство в Месопотамії',
        'Murder in Mesopotamia',
        'Медсестра Емі Лезерен прибуває до Іраку на розкопки в Тель-Ярімджі. На прохання відомого археолога Еріка Лайднера вона стає доглядальницею його дружини. Кохана Лайднера наче цілком здорова, а проте нездатна позбутися загадкового відчуття тривоги і боїться навіть найменшого поруху вітру. Та Емі недовго доводиться доглядати жінку. Місіс Лайднер помирає за дивних обставин. Що, як її страхи були виправданими, а бідолашній просто ніхто не вірив?..',
        'images/murder_in_mesopotamia_1',
        200, 190, 2020,
        'PAPER', 'UKRAINIAN', 'HARD',
        320, '120x170x20мм', 100,
        'Антоніна Івахненко',
        1, 1, 1, 1),
       ('9786171280854',
        'Смерть у хмарах', 'Death in the Clouds',
        'Під час перельоту з Парижа до Кройдона на борту літака "Прометей" стається прикра пригода. Одну з пасажирок, мадам Жизель, знаходять мертвою. І це за кілька хвилин до посадки... У смерті жінки начебто винна оса, що випадково потрапила у салон. Але детектив Пуаро, який летів тим самим рейсом, вважає інакше.',
        'images/death_in_the_clouds_1',
        200, NULL, 2020,
        'PAPER', 'UKRAINIAN', 'HARD',
        288, '120x170x20мм', 158,
        'Антоніна Ящук',
        1, 1, 1, 1),
       ('9786171276482',
        'Смерть лорда Еджвера', 'Lord Edgware Dies',
        'Усі знали лорда Еджвера. А також боялися. Подейкували, що він був сімейним тираном, а за своїми статками приховував садистські нахили. І ось Лондон здригається від звістки: Еджвера вбито. Тіло знайшли в особистій бібліотеці лорда. Здавалося б, класичний злочин. Якби не одна дивна деталь, про яку дізнається Пуаро: костюмований розіграш, що передував убивству. Кому спало на думку скоїти злочин у такий дивний спосіб? Під чиєю маскою сховався вбивця?..',
        'images/lord_edgware_dies_1',
        200, 190, 2020,
        'PAPER', 'UKRAINIAN', 'HARD',
        304, '120x170x21мм', 51,
        'Надія Хаєцька',
        1, 1, 1, 1),
       ('9786171281769',
        'Смерть на Нілі (Кінообкладинка)', 'Death on the Nile',
        'Молодята Саймон і Ліннет Дойли вирушають у весільну подорож на пароплаві «Карнак». Жаклін де Бельфор, давня подруга Ліннет, у якої та відбила коханого, вирішує своєю присутністю зіпсувати їм медовий місяць. Одного ранку служниця знаходить місіс Дойл мертвою…' ||
        'Хтось вистрелив їй у голову, поки вона спала. На стіні біля вбитої лишається кривава буква «Ж». Однак Жаклін має залізне алібі. У справу втручається відомий харизматичний детектив Еркюль Пуаро. Виявляється, майже всі пасажири мали мотив для вбивства. Щось приховує чи не кожен із них, а кілька, як стає відомо, подорожують зі зброєю. То хто цей холоднокровний убивця, що не зупиняється на одному злочині?',
        'images/death_on_the_nile_1',
        220, null, 2022,
        'PAPER', 'UKRAINIAN', 'HARD',
        372, '120x170x26мм', 204,
        'Надія Хаєцька',
        1, 1, 1, null),
       ('9786171276864',
        'Чалий кінь', 'The Pale Horse',
        'Під час перельоту з Парижа до Кройдона на борту літака "Прометей" стається прикра пригода. Одну з пасажирок, мадам Жизель, знаходять мертвою. І це за кілька хвилин до посадки... У смерті жінки начебто винна оса, що випадково потрапила у салон. Але детектив Пуаро, який летів тим самим рейсом, вважає інакше.',
        'images/the_pale_horse_1',
        200, null, 2022,
        'PAPER', 'UKRAINIAN', 'HARD',
        288, '120x170x18мм', 71,
        'Євгенія Канчура',
        1, 1, 1, 3),
       ('9786171280847',
        'Наприкінці приходить смерть', 'Death Comes as the End',
        'Фіви, 2000 рік до н.е. Батько Ренісенб, жрець Ка Імхотеп, привів у свій дім нову наложницю, Нофрет. Цей момент став фатальним для родини, в якій одразу ж почали відбуватися різні неприємності. Кепський характер Нофрет та глибока темна злість стали причиною щоденних сварок між домочадцями. Та наложниця жадає більшого: вона зводить наклеп на синів Імхотепа та їхніх дружин. Розлючений батько погрожує синам розправою. Аж раптом все перевертається з ніг на голову: Нофрет знаходять мертвою. Сумнівів немає: це вбивство. Під підозрою – уся родина…',
        'images/death_comes_as_the_end_1',
        200, null, 2022,
        'PAPER', 'UKRAINIAN', 'HARD',
        288, '120x170x19мм', 86,
        'Юлія Максимейко',
        1, 1, 1, 3),
       ('9786171266919',
        'Смерть на Нілі', 'Death on the Nile',
        'Молодята Саймон і Ліннет Дойли вирушають у весільну подорож на пароплаві «Карнак». Жаклін де Бельфор, давня подруга Ліннет, у якої та відбила коханого, вирішує своєю присутністю зіпсувати їм медовий місяць. Одного ранку служниця знаходить місіс Дойл мертвою…' ||
        'Хтось вистрелив їй у голову, поки вона спала. На стіні біля вбитої лишається кривава буква «Ж». Однак Жаклін має залізне алібі. У справу втручається відомий харизматичний детектив Еркюль Пуаро. Виявляється, майже всі пасажири мали мотив для вбивства. Щось приховує чи не кожен із них, а кілька, як стає відомо, подорожують зі зброєю. То хто цей холоднокровний убивця, що не зупиняється на одному злочині?',
        'images/death_on_the_nile_2',
        220, null, 2019,
        'PAPER', 'UKRAINIAN', 'HARD',
        288, '120x170x20мм', 102,
        'Надія Хаєцька',
        1, 1, 1, 3),
       ('9786171286108',
        'І не лишилось жодного', 'Ten little niggers',
        'Десятеро незнайомців опинилися на далекому Солдатському острові: усі отримали дивне запрошення приїхати сюди, до розкішного будинку. Однак поки вони не розуміють, хто і для чого їх викликав… Через певний час починається жахіття: хтось жорстоко й вигадливо вбиває гостей, а зі столу, на якому стояло рівно десять порцелянових статуеток, перед кожним убивством зникає одна… Хто за цим стоїть? Як ця моторошна історія пов’язана із дитячою лічилкою? І, головне, хто наступний? ' ||
        'Роман «І не лишилось жодного» було екранізовано безліч разів, зокрема відомим є двосерійний фільм «Десять негренят».',
        'images/ten_little_niggers_1',
        170, null, 2021,
        'PAPER', 'UKRAINIAN', 'HARD',
        208, '135x205x12мм', 90,
        'Надія Хаєцька',
        1, 1, 1, 4),
       ('9786171241039',
        'І не лишилось жодного', 'Ten little niggers',
        'Десятеро незнайомців опинилися на далекому Солдатському острові: усі отримали дивне запрошення приїхати сюди, до розкішного будинку. Однак поки вони не розуміють, хто і для чого їх викликав… Через певний час починається жахіття: хтось жорстоко й вигадливо вбиває гостей, а зі столу, на якому стояло рівно десять порцелянових статуеток, перед кожним убивством зникає одна… Хто за цим стоїть? Як ця моторошна історія пов’язана із дитячою лічилкою? І, головне, хто наступний? ',
        'images/ten_little_niggers_2',
        240, null, 2017,
        'PAPER', 'UKRAINIAN', 'HARD',
        288, '120x170мм', 40,
        'Надія Хаєцька',
        1, 1, 1, 3),
       ('9786171289000',
        'Три товариші', 'Drei Kameraden',
        'Один з найкращих світових романів про справжню дружбу і велике кохання... Війна обпекла душі людей, і рани ще не загоїлися. Але все можна подолати, коли поруч є два товариші і кохана. Найвідоміший твір Ремарка — мабуть, найкрасивіша історія людських почуттів.',
        'images/drei_kameraden_1',
        230, null, 2021,
        'PAPER', 'UKRAINIAN', 'HARD',
        416, '135x205x23мм', 30,
        'Микола Дятленко',
        2, 2, 1, 4),
       ('9786171294998',
        'Квіти для Елджернона', 'Flowers for Algernon',
        'Чарлі Гордон — розумово відсталий, але у нього є друзі, робота, захоплення і непереборне бажання вчитися. Він погоджується взяти участь у небезпечному науковому експерименті, який може зробити його найрозумнішим... Яку ціну маємо ми платити за свої бажання? Чи варті вони того?',
        'images/flowers_for_algernon_1',
        250, 206, 2022,
        'PAPER', 'UKRAINIAN', 'HARD',
        288, '135x205x16мм', 25,
        'Віктор Шовкун',
        3, 2, 1, 4),
       ('9780099532811',
        'All Quiet on the Western Front', 'Im Westen nichts Neues',
        'In 1914 a room full of German schoolboys, fresh-faced and idealistic, are goaded by their schoolmaster to troop off to the ''glorious war. With the fire and patriotism of youth they sign up. What follows is the moving story of a young unknown soldier'' experiencing the horror and disillusionment of life in the trenches.',
        'images/im_westen_nichts_neues_1',
        250, 206, 2019,
        'PAPER', 'ENGLISH', 'SOFT',
        224, '135x205x16мм', 20,
        null,
        2, 2, 5, null),
       ('9786171261259',
        'На Західному фронті без змін. Повернення', 'Im Westen nichts Neues. Der Weg zurück',
        '“На Західному фронті без змін” школярів, рибалок, фермерів вирвали зі звичного життя і кинули у криваву бійню. Тисячі з них навіки залишаться на полях війни, тисячі тих, хто виживуть, позаздрять загиблим. Пауль пішов на фронт. Минуло кілька тижнів — і з його класу живими залишилося вісім хлопців. А війні не видно кінця...' ||
        'Також до видання увійшов роман “Повернення”.',
        'images/im_westen_nichts_neues_der_weg_zuruck_1',
        250, 206, 2019,
        'PAPER', 'UKRAINIAN', 'HARD',
        480, '135x205мм', 95,
        null,
        2, 2, 1, null),
       ('9786171261266',
        'Три товариші. Чорний обеліск', 'Drei Kameraden. Der schwarze Obelisk',
        'Часи, коли народитися, не обирають. Життя героїв Ремарка, як і його самого, припало на лихоліття. Війна, що ламає долі, втрата ілюзій, еміграція, хиткість та безнадія... Але, незважаючи на будь-які випробування, люди не втрачають ані мужності, ані внутрішньої сили та залишаються спроможними на самопожертву, справжню дружбу та велике кохання...',
        'images/drei_kameraden_der_schwarze_obelisk_1',
        250, 206, 2019,
        'PAPER', 'UKRAINIAN', 'HARD',
        768, '135x205мм', 30,
        'Микола Дятленко',
        2, 2, 1, null),
       ('9786171232020',
        'Три товариші', 'Drei Kameraden',
        '"Три товариші" — роман, що належить до золотого фонду світової літератури ХХ століття, шедевр німецької класики, перекладений багатьма мовами та майстерно перенесений кінорежисерами на екрани, входить до трилогії романів Ремарка про трагедію "втраченого покоління" — молодих людей, які стали жертвами страшної й жорстокої Першої світової війни.',
        'images/drei_kameraden_2',
        250, 206, 2017,
        'PAPER', 'UKRAINIAN', 'HARD',
        416, '135x205мм', 183,
        'Микола Дятленко',
        2, 2, 1, null);

insert into orders (customer_id, created_at)
values (1, '2019-01-01 00:00:00'),
       (3, '2019-01-01 00:00:00'),
       (2, '2019-01-01 00:00:00');

insert into order_book (order_id, book_isbn, quantity, price)
values (1, '9786171232020', 2, 250),
       (1, '9786171294998', 1, 250),
       (1, '9786171266919', 1, 190),
       (2, '9786171289000', 2, 250),
       (2, '9786171294998', 1, 250),
       (3, '9786171276864', 3, 210),
       (3, '9786171289000', 1, 100),
       (3, '9786171276482', 2, 190);

insert into favorites (user_id, book_isbn)
values (1, '9786171232020'),
       (1, '9786171261266'),
       (1, '9780099532811'),
       (2, '9786171266919');

insert into reviews (book_isbn, user_id, rating, text)
values ('9786171232020', 1, 5, 'Книга відмінна, як і всі романи Ремарка'),
       ('9786171232020', 2, 4, 'Книга дуже цікава, але не така як "Три товариші"'),
       ('9786171232020', 3, 3, 'Книга не дуже');